{"meta": {"version": "7.3.2", "timestamp": "2023-12-12T21:37:56.191920", "branch_coverage": false, "show_contexts": false}, "files": {"include/__init__.py": {"executed_lines": [1, 2, 3, 4, 5, 6], "summary": {"covered_lines": 6, "num_statements": 6, "percent_covered": 100.0, "percent_covered_display": "100", "missing_lines": 0, "excluded_lines": 0}, "missing_lines": [], "excluded_lines": []}, "include/_loss_functions.py": {"executed_lines": [1, 4], "summary": {"covered_lines": 2, "num_statements": 2, "percent_covered": 100.0, "percent_covered_display": "100", "missing_lines": 0, "excluded_lines": 0}, "missing_lines": [], "excluded_lines": []}, "include/graph.py": {"executed_lines": [1, 2, 3, 5, 8, 87], "summary": {"covered_lines": 6, "num_statements": 85, "percent_covered": 7.0588235294117645, "percent_covered_display": "7", "missing_lines": 79, "excluded_lines": 0}, "missing_lines": [27, 29, 30, 31, 32, 33, 34, 35, 37, 40, 41, 43, 50, 51, 54, 55, 62, 63, 65, 68, 69, 72, 73, 77, 80, 81, 82, 84, 104, 114, 115, 118, 125, 128, 129, 132, 139, 140, 143, 153, 154, 156, 166, 167, 169, 179, 180, 182, 192, 195, 197, 198, 207, 210, 211, 212, 213, 214, 215, 216, 222, 229, 230, 231, 232, 233, 234, 240, 247, 248, 251, 257, 260, 261, 262, 263, 265, 266, 268], "excluded_lines": []}, "include/langevin.py": {"executed_lines": [1, 3, 4, 5, 8, 9, 17, 58, 63, 124, 125, 138, 234, 270, 295, 306, 330, 337, 345], "summary": {"covered_lines": 17, "num_statements": 122, "percent_covered": 13.934426229508198, "percent_covered_display": "14", "missing_lines": 105, "excluded_lines": 0}, "missing_lines": [40, 41, 42, 43, 44, 45, 46, 47, 49, 56, 59, 60, 61, 73, 74, 75, 76, 77, 78, 79, 80, 81, 82, 83, 86, 87, 88, 89, 90, 92, 93, 94, 96, 97, 99, 101, 102, 103, 104, 110, 111, 113, 114, 115, 116, 119, 121, 155, 158, 161, 164, 167, 170, 173, 180, 181, 184, 191, 192, 195, 199, 200, 203, 209, 215, 223, 228, 229, 230, 231, 232, 243, 244, 246, 247, 248, 249, 250, 251, 254, 255, 256, 257, 258, 259, 260, 263, 264, 266, 268, 280, 302, 321, 322, 323, 325, 326, 328, 334, 335, 341, 342, 343, 349, 350], "excluded_lines": []}, "include/neural_net.py": {"executed_lines": [1, 3, 4, 6, 13, 24, 56, 70, 124, 153, 154, 169, 246, 280], "summary": {"covered_lines": 14, "num_statements": 81, "percent_covered": 17.28395061728395, "percent_covered_display": "17", "missing_lines": 67, "excluded_lines": 0}, "missing_lines": [16, 60, 63, 64, 65, 67, 88, 92, 93, 94, 95, 97, 100, 101, 102, 103, 105, 107, 108, 111, 114, 117, 118, 119, 121, 138, 141, 142, 143, 145, 203, 204, 206, 207, 208, 211, 214, 215, 218, 219, 220, 227, 229, 230, 233, 235, 238, 243, 244, 257, 258, 261, 264, 265, 268, 269, 270, 271, 272, 273, 274, 275, 281, 282, 283, 285, 286], "excluded_lines": []}, "include/utils.py": {"executed_lines": [1, 3, 5, 8, 46, 57, 58, 59, 60, 64, 69, 70, 81, 82, 84], "summary": {"covered_lines": 15, "num_statements": 16, "percent_covered": 93.75, "percent_covered_display": "94", "missing_lines": 1, "excluded_lines": 0}, "missing_lines": [79], "excluded_lines": []}, "include/vector.py": {"executed_lines": [1, 2, 4, 5, 9, 10, 20, 23, 26, 29, 32, 35, 38, 41, 44, 48, 52, 62], "summary": {"covered_lines": 18, "num_statements": 43, "percent_covered": 41.86046511627907, "percent_covered_display": "42", "missing_lines": 25, "excluded_lines": 0}, "missing_lines": [16, 17, 21, 24, 27, 30, 33, 36, 39, 42, 45, 46, 49, 50, 54, 55, 57, 73, 74, 78, 80, 81, 83, 85, 90], "excluded_lines": []}, "tests/__init__.py": {"executed_lines": [0], "summary": {"covered_lines": 0, "num_statements": 0, "percent_covered": 100.0, "percent_covered_display": "100", "missing_lines": 0, "excluded_lines": 0}, "missing_lines": [], "excluded_lines": []}, "tests/core/test_utils.py": {"executed_lines": [1, 2, 3, 5, 6, 7, 8, 10, 12, 14, 17, 18, 21, 22, 23, 24, 26, 27, 28, 29, 30, 31, 33, 35, 36, 37, 39, 40, 42, 44, 45, 46, 47, 49, 51, 52, 54, 58, 59, 60], "summary": {"covered_lines": 40, "num_statements": 42, "percent_covered": 95.23809523809524, "percent_covered_display": "95", "missing_lines": 2, "excluded_lines": 0}, "missing_lines": [55, 56], "excluded_lines": []}}, "totals": {"covered_lines": 118, "num_statements": 397, "percent_covered": 29.722921914357684, "percent_covered_display": "30", "missing_lines": 279, "excluded_lines": 0}}